{
    "$schema": "http://json-schema.org/draft-07/schema#",
    "type": "object",
    "additionalProperties": false,
    "properties": {
        "allowList": {
            "type": "array",
            "enabled": "false",
            "title": "Allow List",
            "description": "(Coming soon...) A list of fields to allow from the returned payload - works like a white list.",
            "items": {
                "type": "string",
                "title": "Field"
            }
        },
        "blockList": {
            "type": "array",
            "title": "Block List",
            "description": "A list of fields to block or exclude from the returned payload - overrides the allow list.",
            "items": {
                "type": "string",
                "title": "Field"
            }
        },
        "responsePolicy": {
            "title": "Response Policy",
            "description": "If the blocked fields are found in the content, you can choose to block the payload and return an error, mask the field values, or remove the blocked fields from the response.",
            "type": "string",
            "default": "BLOCK_RESPONSE",
            "enum": ["BLOCK_RESPONSE", "MASK_FIELDS", "REMOVE_BLOCKED_FIELDS"]
        }
    },
    "required": ["responsePolicy"]
}
